"timestamp","elapsedSeconds","route","statusCode","success","beforeMB","afterMB","deltaMB"
"2026-02-23T16:06:50.8827172+03:00","1,34","/Anasayfa","200","True","2675,49","2675,49","0"
"2026-02-23T16:06:52.2004850+03:00","2,66","/Veri","200","True","2675,49","2675,49","0"
"2026-02-23T16:06:53.4870743+03:00","3,94","/Veri/Fatura","200","True","2675,49","2675,49","0"
"2026-02-23T16:06:54.7736667+03:00","5,23","/Veri/Mizanlar/VukMizan","200","True","2675,49","2675,55","0,06"
"2026-02-23T16:06:56.0840855+03:00","6,54","/Hesaplamalar","200","True","2675,55","2675,55","0"
"2026-02-23T16:06:57.4365250+03:00","7,89","/Hesaplamalar/Kredi","200","True","2675,55","2675,56","0,01"
"2026-02-23T16:06:58.7555153+03:00","9,21","/Hesaplamalar/Kredi/KrediDetaylari/1","200","True","2675,56","2675,56","0"
"2026-02-23T16:07:00.0626731+03:00","10,52","/Hesaplamalar/KidemTazminatiTfrs","200","True","2675,56","2675,73","0,17"
"2026-02-23T16:07:01.3898002+03:00","11,85","/DenetimKanitlari","200","True","2675,73","2675,73","0"
"2026-02-23T16:07:02.7220555+03:00","13,18","/DenetimKanitlari/MaddiDogrulamaProsedurleri","200","True","2675,73","2675,85","0,12"
"2026-02-23T16:07:04.0117274+03:00","14,47","/Kys/MusteriIliskisi/MusteriBirakmaFormu","200","True","2675,85","2675,85","0"
"2026-02-23T16:07:05.3205247+03:00","15,78","/Anasayfa","200","True","2675,85","2675,85","0"
"2026-02-23T16:07:06.6100555+03:00","17,07","/Veri","200","True","2675,85","2675,85","0"
"2026-02-23T16:07:07.9114817+03:00","18,37","/Veri/Fatura","200","True","2675,85","2675,85","0"
"2026-02-23T16:07:09.2500879+03:00","19,71","/Veri/Mizanlar/VukMizan","200","True","2675,85","2675,91","0,06"
"2026-02-23T16:07:10.5634450+03:00","21,02","/Hesaplamalar","200","True","2675,91","2675,91","0"
"2026-02-23T16:07:11.8659916+03:00","22,32","/Hesaplamalar/Kredi","200","True","2675,91","2675,91","0"
"2026-02-23T16:07:13.2448612+03:00","23,7","/Hesaplamalar/Kredi/KrediDetaylari/1","200","True","2675,91","2682,92","7,01"
"2026-02-23T16:07:14.5762520+03:00","25,03","/Hesaplamalar/KidemTazminatiTfrs","200","True","2682,92","2683,09","0,17"
"2026-02-23T16:07:15.8688679+03:00","26,32","/DenetimKanitlari","200","True","2683,09","2683,15","0,06"
"2026-02-23T16:07:17.1705145+03:00","27,63","/DenetimKanitlari/MaddiDogrulamaProsedurleri","200","True","2683,15","2683,15","0"
"2026-02-23T16:07:18.5212766+03:00","28,98","/Kys/MusteriIliskisi/MusteriBirakmaFormu","200","True","2683,15","2683,15","0"
"2026-02-23T16:07:19.8224867+03:00","30,28","/Anasayfa","200","True","2683,15","2683,15","0"
"2026-02-23T16:07:21.1215851+03:00","31,58","/Veri","200","True","2683,15","2683,15","0"
"2026-02-23T16:07:22.4221920+03:00","32,88","/Veri/Fatura","200","True","2683,15","2683,21","0,06"
"2026-02-23T16:07:23.7164030+03:00","34,17","/Veri/Mizanlar/VukMizan","200","True","2683,21","2683,21","0"
"2026-02-23T16:07:25.0102235+03:00","35,47","/Hesaplamalar","200","True","2683,21","2683,21","0"
"2026-02-23T16:07:26.3086483+03:00","36,76","/Hesaplamalar/Kredi","200","True","2683,21","2683,21","0"
"2026-02-23T16:07:27.6419822+03:00","38,1","/Hesaplamalar/Kredi/KrediDetaylari/1","200","True","2683,21","2683,21","0"
"2026-02-23T16:07:28.9432038+03:00","39,4","/Hesaplamalar/KidemTazminatiTfrs","200","True","2683,21","2683,39","0,18"
"2026-02-23T16:07:30.2446524+03:00","40,7","/DenetimKanitlari","200","True","2683,39","2683,45","0,06"
"2026-02-23T16:07:31.5624874+03:00","42,02","/DenetimKanitlari/MaddiDogrulamaProsedurleri","200","True","2683,45","2683,45","0"
"2026-02-23T16:07:32.8617366+03:00","43,32","/Kys/MusteriIliskisi/MusteriBirakmaFormu","200","True","2683,45","2683,45","0"
"2026-02-23T16:07:34.1525963+03:00","44,61","/Anasayfa","200","True","2683,45","2683,45","0"
"2026-02-23T16:07:35.4671581+03:00","45,92","/Veri","200","True","2683,45","2683,45","0"
"2026-02-23T16:07:36.7839177+03:00","47,24","/Veri/Fatura","200","True","2683,45","2683,51","0,06"
"2026-02-23T16:07:38.1303313+03:00","48,59","/Veri/Mizanlar/VukMizan","200","True","2683,51","2683,51","0"
"2026-02-23T16:07:39.4275678+03:00","49,88","/Hesaplamalar","200","True","2683,51","2683,51","0"
"2026-02-23T16:07:40.7762639+03:00","51,23","/Hesaplamalar/Kredi","200","True","2683,51","2683,52","0,01"
"2026-02-23T16:07:42.0808054+03:00","52,54","/Hesaplamalar/Kredi/KrediDetaylari/1","200","True","2683,52","2683,52","0"
"2026-02-23T16:07:43.3789577+03:00","53,83","/Hesaplamalar/KidemTazminatiTfrs","200","True","2683,52","2683,75","0,23"
"2026-02-23T16:07:44.6886846+03:00","55,14","/DenetimKanitlari","200","True","2683,75","2683,75","0"
"2026-02-23T16:07:45.9888190+03:00","56,44","/DenetimKanitlari/MaddiDogrulamaProsedurleri","200","True","2683,75","2683,75","0"
"2026-02-23T16:07:47.2922049+03:00","57,75","/Kys/MusteriIliskisi/MusteriBirakmaFormu","200","True","2683,75","2683,75","0"
"2026-02-23T16:07:48.6029782+03:00","59,06","/Anasayfa","200","True","2683,75","2683,75","0"
"2026-02-23T16:07:49.9031748+03:00","60,36","/Veri","200","True","2683,75","2683,81","0,06"
"2026-02-23T16:07:51.2016368+03:00","61,66","/Veri/Fatura","200","True","2683,81","2683,81","0"
"2026-02-23T16:07:52.5101101+03:00","62,97","/Veri/Mizanlar/VukMizan","200","True","2683,81","2683,81","0"
"2026-02-23T16:07:53.8041768+03:00","64,26","/Hesaplamalar","200","True","2683,81","2683,81","0"
"2026-02-23T16:07:55.1003470+03:00","65,56","/Hesaplamalar/Kredi","200","True","2683,81","2683,81","0"
"2026-02-23T16:07:56.3974918+03:00","66,85","/Hesaplamalar/Kredi/KrediDetaylari/1","200","True","2683,81","2683,81","0"
"2026-02-23T16:07:57.7120622+03:00","68,17","/Hesaplamalar/KidemTazminatiTfrs","200","True","2683,81","2684,04","0,23"
"2026-02-23T16:07:59.0217276+03:00","69,48","/DenetimKanitlari","200","True","2684,04","2684,04","0"
"2026-02-23T16:08:00.3342495+03:00","70,79","/DenetimKanitlari/MaddiDogrulamaProsedurleri","200","True","2684,04","2684,04","0"
"2026-02-23T16:08:01.6421871+03:00","72,1","/Kys/MusteriIliskisi/MusteriBirakmaFormu","200","True","2684,04","2684,04","0"
"2026-02-23T16:08:02.9405648+03:00","73,4","/Anasayfa","200","True","2684,04","2684,04","0"
"2026-02-23T16:08:04.2377025+03:00","74,69","/Veri","200","True","2684,04","2684,11","0,07"
"2026-02-23T16:08:05.5430375+03:00","76","/Veri/Fatura","200","True","2684,11","2684,13","0,02"
"2026-02-23T16:08:06.9044059+03:00","77,36","/Veri/Mizanlar/VukMizan","200","True","2684,13","2684,14","0,01"
"2026-02-23T16:08:08.2013798+03:00","78,66","/Hesaplamalar","200","True","2684,14","2684,14","0"
"2026-02-23T16:08:09.5000479+03:00","79,96","/Hesaplamalar/Kredi","200","True","2684,14","2684,14","0"
"2026-02-23T16:08:10.8275066+03:00","81,28","/Hesaplamalar/Kredi/KrediDetaylari/1","200","True","2684,14","2684,2","0,06"
"2026-02-23T16:08:12.1314406+03:00","82,59","/Hesaplamalar/KidemTazminatiTfrs","200","True","2684,2","2684,37","0,17"
"2026-02-23T16:08:13.4313159+03:00","83,89","/DenetimKanitlari","200","True","2684,37","2684,37","0"
"2026-02-23T16:08:14.7462708+03:00","85,2","/DenetimKanitlari/MaddiDogrulamaProsedurleri","200","True","2684,37","2684,38","0,01"
"2026-02-23T16:08:16.0482326+03:00","86,5","/Kys/MusteriIliskisi/MusteriBirakmaFormu","200","True","2684,38","2684,38","0"
"2026-02-23T16:08:17.3458542+03:00","87,8","/Anasayfa","200","True","2684,38","2684,45","0,07"
"2026-02-23T16:08:18.6543248+03:00","89,11","/Veri","200","True","2684,45","2684,45","0"
"2026-02-23T16:08:19.9592340+03:00","90,41","/Veri/Fatura","200","True","2684,45","2684,45","0"
"2026-02-23T16:08:21.2657637+03:00","91,72","/Veri/Mizanlar/VukMizan","200","True","2684,45","2684,45","0"
"2026-02-23T16:08:22.5774692+03:00","93,03","/Hesaplamalar","200","True","2684,45","2684,62","0,17"
"2026-02-23T16:08:23.8963750+03:00","94,35","/Hesaplamalar/Kredi","200","True","2684,62","2684,62","0"
"2026-02-23T16:08:25.2069834+03:00","95,66","/Hesaplamalar/Kredi/KrediDetaylari/1","200","True","2684,62","2677,88","-6,74"
"2026-02-23T16:08:26.5071246+03:00","96,96","/Hesaplamalar/KidemTazminatiTfrs","200","True","2677,88","2678,05","0,17"
"2026-02-23T16:08:27.8237647+03:00","98,28","/DenetimKanitlari","200","True","2678,05","2678,05","0"
"2026-02-23T16:08:29.1274704+03:00","99,58","/DenetimKanitlari/MaddiDogrulamaProsedurleri","200","True","2678,05","2678,05","0"
"2026-02-23T16:08:30.4261760+03:00","100,88","/Kys/MusteriIliskisi/MusteriBirakmaFormu","200","True","2678,05","2678,05","0"
"2026-02-23T16:08:31.7470377+03:00","102,2","/Anasayfa","200","True","2678,05","2678,12","0,07"
"2026-02-23T16:08:33.0691794+03:00","103,52","/Veri","200","True","2678,12","2678,12","0"
"2026-02-23T16:08:34.4131044+03:00","104,87","/Veri/Fatura","200","True","2678,12","2678,12","0"
"2026-02-23T16:08:35.7322855+03:00","106,19","/Veri/Mizanlar/VukMizan","200","True","2678,12","2678,12","0"
"2026-02-23T16:08:37.0446523+03:00","107,5","/Hesaplamalar","200","True","2678,12","2678,12","0"
"2026-02-23T16:08:38.3313618+03:00","108,79","/Hesaplamalar/Kredi","200","True","2678,12","2678,19","0,07"
"2026-02-23T16:08:39.6437070+03:00","110,1","/Hesaplamalar/Kredi/KrediDetaylari/1","200","True","2678,19","2678,21","0,02"
"2026-02-23T16:08:40.9347905+03:00","111,39","/Hesaplamalar/KidemTazminatiTfrs","200","True","2678,21","2678,38","0,17"
"2026-02-23T16:08:42.2306877+03:00","112,69","/DenetimKanitlari","200","True","2678,38","2678,38","0"
"2026-02-23T16:08:43.5601304+03:00","114,02","/DenetimKanitlari/MaddiDogrulamaProsedurleri","200","True","2678,38","2678,38","0"
"2026-02-23T16:08:44.8743335+03:00","115,33","/Kys/MusteriIliskisi/MusteriBirakmaFormu","200","True","2678,38","2660,9","-17,48"
"2026-02-23T16:08:46.1726024+03:00","116,63","/Anasayfa","200","True","2660,9","2660","-0,9"
"2026-02-23T16:08:47.4704051+03:00","117,93","/Veri","200","True","2660","2660","0"
"2026-02-23T16:08:48.7729162+03:00","119,23","/Veri/Fatura","200","True","2660","2660,5","0,5"
"2026-02-23T16:08:50.0685265+03:00","120,52","/Veri/Mizanlar/VukMizan","200","True","2660,5","2660,5","0"
"2026-02-23T16:08:51.3718409+03:00","121,83","/Hesaplamalar","200","True","2660,5","2660,5","0"
"2026-02-23T16:08:52.6841974+03:00","123,14","/Hesaplamalar/Kredi","200","True","2660,5","2660,62","0,12"
"2026-02-23T16:08:54.0062688+03:00","124,46","/Hesaplamalar/Kredi/KrediDetaylari/1","200","True","2660,62","2660,62","0"
"2026-02-23T16:08:55.3213411+03:00","125,78","/Hesaplamalar/KidemTazminatiTfrs","200","True","2660,62","2661,72","1,1"
"2026-02-23T16:08:56.6207125+03:00","127,08","/DenetimKanitlari","200","True","2661,72","2661,72","0"
"2026-02-23T16:08:57.9198985+03:00","128,37","/DenetimKanitlari/MaddiDogrulamaProsedurleri","200","True","2661,72","2661,72","0"
"2026-02-23T16:08:59.2266528+03:00","129,68","/Kys/MusteriIliskisi/MusteriBirakmaFormu","200","True","2661,72","2661,72","0"
"2026-02-23T16:09:00.5245472+03:00","130,98","/Anasayfa","200","True","2661,72","2661,73","0,01"
"2026-02-23T16:09:01.8272242+03:00","132,28","/Veri","200","True","2661,73","2661,73","0"
"2026-02-23T16:09:03.1221382+03:00","133,58","/Veri/Fatura","200","True","2661,73","2661,73","0"
"2026-02-23T16:09:04.4283898+03:00","134,88","/Veri/Mizanlar/VukMizan","200","True","2661,73","2661,73","0"
"2026-02-23T16:09:05.7229507+03:00","136,18","/Hesaplamalar","200","True","2661,73","2661,73","0"
"2026-02-23T16:09:07.0225980+03:00","137,48","/Hesaplamalar/Kredi","200","True","2661,73","2663,54","1,81"
"2026-02-23T16:09:08.3662477+03:00","138,82","/Hesaplamalar/Kredi/KrediDetaylari/1","200","True","2663,54","2663,55","0,01"
"2026-02-23T16:09:09.6739065+03:00","140,13","/Hesaplamalar/KidemTazminatiTfrs","200","True","2663,55","2663,73","0,18"
"2026-02-23T16:09:10.9683183+03:00","141,42","/DenetimKanitlari","200","True","2663,73","2663,75","0,02"
"2026-02-23T16:09:12.2725304+03:00","142,73","/DenetimKanitlari/MaddiDogrulamaProsedurleri","200","True","2663,75","2663,75","0"
"2026-02-23T16:09:13.5866912+03:00","144,04","/Kys/MusteriIliskisi/MusteriBirakmaFormu","200","True","2663,75","2663,77","0,02"
"2026-02-23T16:09:14.8868991+03:00","145,34","/Anasayfa","200","True","2663,77","2663,77","0"
"2026-02-23T16:09:16.1999948+03:00","146,66","/Veri","200","True","2663,77","2663,78","0,01"
"2026-02-23T16:09:17.5097124+03:00","147,97","/Veri/Fatura","200","True","2663,78","2663,79","0,01"
"2026-02-23T16:09:18.8081376+03:00","149,26","/Veri/Mizanlar/VukMizan","200","True","2663,79","2663,8","0,01"
"2026-02-23T16:09:20.1186784+03:00","150,57","/Hesaplamalar","200","True","2663,8","2663,82","0,02"
"2026-02-23T16:09:21.4416540+03:00","151,9","/Hesaplamalar/Kredi","200","True","2663,82","2663,83","0,01"
"2026-02-23T16:09:22.7494452+03:00","153,2","/Hesaplamalar/Kredi/KrediDetaylari/1","200","True","2663,83","2663,83","0"
"2026-02-23T16:09:24.0387957+03:00","154,49","/Hesaplamalar/KidemTazminatiTfrs","200","True","2663,83","2664,06","0,23"
"2026-02-23T16:09:25.3476390+03:00","155,8","/DenetimKanitlari","200","True","2664,06","2664,06","0"
"2026-02-23T16:09:26.6440662+03:00","157,1","/DenetimKanitlari/MaddiDogrulamaProsedurleri","200","True","2664,06","2664,06","0"
"2026-02-23T16:09:27.9602695+03:00","158,42","/Kys/MusteriIliskisi/MusteriBirakmaFormu","200","True","2664,06","2664,06","0"
"2026-02-23T16:09:29.2815438+03:00","159,74","/Anasayfa","200","True","2664,06","2667,62","3,56"
"2026-02-23T16:09:30.5810132+03:00","161,04","/Veri","200","True","2667,62","2667,69","0,07"
"2026-02-23T16:09:31.8839490+03:00","162,34","/Veri/Fatura","200","True","2667,69","2667,69","0"
"2026-02-23T16:09:33.1812501+03:00","163,64","/Veri/Mizanlar/VukMizan","200","True","2667,69","2667,69","0"
"2026-02-23T16:09:34.4885637+03:00","164,94","/Hesaplamalar","200","True","2667,69","2667,69","0"
"2026-02-23T16:09:35.7748451+03:00","166,23","/Hesaplamalar/Kredi","200","True","2667,69","2667,69","0"
"2026-02-23T16:09:37.0779509+03:00","167,53","/Hesaplamalar/Kredi/KrediDetaylari/1","200","True","2667,69","2667,69","0"
"2026-02-23T16:09:38.4059274+03:00","168,86","/Hesaplamalar/KidemTazminatiTfrs","200","True","2667,69","2667,92","0,23"
"2026-02-23T16:09:39.7190156+03:00","170,17","/DenetimKanitlari","200","True","2667,92","2667,92","0"
"2026-02-23T16:09:41.0474367+03:00","171,5","/DenetimKanitlari/MaddiDogrulamaProsedurleri","200","True","2667,92","2667,92","0"
"2026-02-23T16:09:42.3889706+03:00","172,84","/Kys/MusteriIliskisi/MusteriBirakmaFormu","200","True","2667,92","2667,9","-0,02"
"2026-02-23T16:09:43.6973605+03:00","174,15","/Anasayfa","200","True","2667,9","2667,84","-0,06"
"2026-02-23T16:09:45.0614038+03:00","175,52","/Veri","200","True","2667,84","2667,91","0,07"
"2026-02-23T16:09:46.3971752+03:00","176,85","/Veri/Fatura","200","True","2667,91","2667,91","0"
"2026-02-23T16:09:47.7067507+03:00","178,16","/Veri/Mizanlar/VukMizan","200","True","2667,91","2667,91","0"
"2026-02-23T16:09:49.0106958+03:00","179,47","/Hesaplamalar","200","True","2667,91","2667,91","0"
"2026-02-23T16:09:50.3192597+03:00","180,77","/Hesaplamalar/Kredi","200","True","2667,91","2667,89","-0,02"
"2026-02-23T16:09:51.6474537+03:00","182,1","/Hesaplamalar/Kredi/KrediDetaylari/1","200","True","2667,89","2667,95","0,06"
"2026-02-23T16:09:52.9543619+03:00","183,41","/Hesaplamalar/KidemTazminatiTfrs","200","True","2667,95","2668,11","0,16"
"2026-02-23T16:09:54.2607664+03:00","184,72","/DenetimKanitlari","200","True","2668,11","2668,11","0"
"2026-02-23T16:09:55.6406099+03:00","186,1","/DenetimKanitlari/MaddiDogrulamaProsedurleri","200","True","2668,11","2668,11","0"
"2026-02-23T16:09:56.9429869+03:00","187,4","/Kys/MusteriIliskisi/MusteriBirakmaFormu","200","True","2668,11","2668,11","0"
"2026-02-23T16:09:58.2452004+03:00","188,7","/Anasayfa","200","True","2668,11","2668,18","0,07"
"2026-02-23T16:09:59.5552123+03:00","190,01","/Veri","200","True","2668,18","2668,18","0"
"2026-02-23T16:10:00.8513596+03:00","191,31","/Veri/Fatura","200","True","2668,18","2668,18","0"
"2026-02-23T16:10:02.1515686+03:00","192,61","/Veri/Mizanlar/VukMizan","200","True","2668,18","2668,18","0"
"2026-02-23T16:10:03.4612409+03:00","193,92","/Hesaplamalar","200","True","2668,18","2668,18","0"
"2026-02-23T16:10:04.7531370+03:00","195,21","/Hesaplamalar/Kredi","200","True","2668,18","2668,18","0"
"2026-02-23T16:10:06.0718174+03:00","196,53","/Hesaplamalar/Kredi/KrediDetaylari/1","200","True","2668,18","2668,25","0,07"
"2026-02-23T16:10:07.3863878+03:00","197,84","/Hesaplamalar/KidemTazminatiTfrs","200","True","2668,25","2668,42","0,17"
"2026-02-23T16:10:08.6987089+03:00","199,15","/DenetimKanitlari","200","True","2668,42","2668,42","0"
"2026-02-23T16:10:10.0374650+03:00","200,49","/DenetimKanitlari/MaddiDogrulamaProsedurleri","200","True","2668,42","2668,42","0"
"2026-02-23T16:10:11.4113333+03:00","201,87","/Kys/MusteriIliskisi/MusteriBirakmaFormu","200","True","2668,42","2668,42","0"
"2026-02-23T16:10:12.8346174+03:00","203,29","/Anasayfa","200","True","2668,42","2668,48","0,06"
"2026-02-23T16:10:14.1505100+03:00","204,61","/Veri","200","True","2668,48","2668,48","0"
"2026-02-23T16:10:15.4587218+03:00","205,91","/Veri/Fatura","200","True","2668,48","2675,55","7,07"
"2026-02-23T16:10:16.7773805+03:00","207,23","/Veri/Mizanlar/VukMizan","200","True","2675,55","2675,55","0"
"2026-02-23T16:10:18.0842131+03:00","208,54","/Hesaplamalar","200","True","2675,55","2675,55","0"
"2026-02-23T16:10:19.3846632+03:00","209,84","/Hesaplamalar/Kredi","200","True","2675,55","2675,61","0,06"
"2026-02-23T16:10:20.7093017+03:00","211,16","/Hesaplamalar/Kredi/KrediDetaylari/1","200","True","2675,61","2675,61","0"
"2026-02-23T16:10:22.0072374+03:00","212,46","/Hesaplamalar/KidemTazminatiTfrs","200","True","2675,61","2675,78","0,17"
"2026-02-23T16:10:23.3086995+03:00","213,76","/DenetimKanitlari","200","True","2675,78","2675,78","0"
"2026-02-23T16:10:24.6166200+03:00","215,07","/DenetimKanitlari/MaddiDogrulamaProsedurleri","200","True","2675,78","2675,81","0,03"
"2026-02-23T16:10:25.9363582+03:00","216,39","/Kys/MusteriIliskisi/MusteriBirakmaFormu","200","True","2675,81","2675,87","0,06"
"2026-02-23T16:10:27.2709001+03:00","217,73","/Anasayfa","200","True","2675,87","2675,87","0"
"2026-02-23T16:10:28.6794038+03:00","219,13","/Veri","200","True","2675,87","2675,86","-0,01"
"2026-02-23T16:10:29.9962914+03:00","220,45","/Veri/Fatura","200","True","2675,86","2666,26","-9,6"
"2026-02-23T16:10:31.3016255+03:00","221,76","/Veri/Mizanlar/VukMizan","200","True","2666,26","2666,26","0"
"2026-02-23T16:10:32.6014598+03:00","223,06","/Hesaplamalar","200","True","2666,26","2666,26","0"
"2026-02-23T16:10:33.9987843+03:00","224,45","/Hesaplamalar/Kredi","200","True","2666,26","2666,32","0,06"
"2026-02-23T16:10:35.4002320+03:00","225,86","/Hesaplamalar/Kredi/KrediDetaylari/1","200","True","2666,32","2666,32","0"
"2026-02-23T16:10:36.7518904+03:00","227,21","/Hesaplamalar/KidemTazminatiTfrs","200","True","2666,32","2666,49","0,17"
"2026-02-23T16:10:38.1089185+03:00","228,56","/DenetimKanitlari","200","True","2666,49","2666,49","0"
"2026-02-23T16:10:39.4737039+03:00","229,93","/DenetimKanitlari/MaddiDogrulamaProsedurleri","200","True","2666,49","2666,49","0"
"2026-02-23T16:10:40.8207855+03:00","231,28","/Kys/MusteriIliskisi/MusteriBirakmaFormu","200","True","2666,49","2666,55","0,06"
"2026-02-23T16:10:42.1985841+03:00","232,65","/Anasayfa","200","True","2666,55","2666,56","0,01"
"2026-02-23T16:10:43.5360762+03:00","233,99","/Veri","200","True","2666,56","2666,56","0"
"2026-02-23T16:10:44.9460061+03:00","235,4","/Veri/Fatura","200","True","2666,56","2666,56","0"
"2026-02-23T16:10:46.2634041+03:00","236,72","/Veri/Mizanlar/VukMizan","200","True","2666,56","2666,56","0"
"2026-02-23T16:10:47.5597849+03:00","238,02","/Hesaplamalar","200","True","2666,56","2666,62","0,06"
"2026-02-23T16:10:48.8639078+03:00","239,32","/Hesaplamalar/Kredi","200","True","2666,62","2666,62","0"
"2026-02-23T16:10:50.2735906+03:00","240,73","/Hesaplamalar/Kredi/KrediDetaylari/1","200","True","2666,62","2666,64","0,02"
"2026-02-23T16:10:51.5856765+03:00","242,04","/Hesaplamalar/KidemTazminatiTfrs","200","True","2666,64","2666,8","0,16"
"2026-02-23T16:10:52.8856227+03:00","243,34","/DenetimKanitlari","200","True","2666,8","2666,8","0"
"2026-02-23T16:10:54.2357778+03:00","244,69","/DenetimKanitlari/MaddiDogrulamaProsedurleri","200","True","2666,8","2666,87","0,07"
"2026-02-23T16:10:55.5540116+03:00","246,01","/Kys/MusteriIliskisi/MusteriBirakmaFormu","200","True","2666,87","2666,87","0"
"2026-02-23T16:10:56.8848055+03:00","247,34","/Anasayfa","200","True","2666,87","2666,87","0"
"2026-02-23T16:10:58.2396258+03:00","248,7","/Veri","200","True","2666,87","2666,87","0"
"2026-02-23T16:10:59.6202603+03:00","250,08","/Veri/Fatura","200","True","2666,87","2666,87","0"
"2026-02-23T16:11:00.9335735+03:00","251,39","/Veri/Mizanlar/VukMizan","200","True","2666,87","2666,87","0"
"2026-02-23T16:11:02.2894984+03:00","252,75","/Hesaplamalar","200","True","2666,87","2666,93","0,06"
"2026-02-23T16:11:03.6598221+03:00","254,12","/Hesaplamalar/Kredi","200","True","2666,93","2666,93","0"
"2026-02-23T16:11:05.0801564+03:00","255,54","/Hesaplamalar/Kredi/KrediDetaylari/1","200","True","2666,93","2666,93","0"
"2026-02-23T16:11:06.4213104+03:00","256,88","/Hesaplamalar/KidemTazminatiTfrs","200","True","2666,93","2667,1","0,17"
"2026-02-23T16:11:07.7332500+03:00","258,19","/DenetimKanitlari","200","True","2667,1","2667,1","0"
"2026-02-23T16:11:09.0690143+03:00","259,52","/DenetimKanitlari/MaddiDogrulamaProsedurleri","200","True","2667,1","2667,16","0,06"
"2026-02-23T16:11:10.4179166+03:00","260,87","/Kys/MusteriIliskisi/MusteriBirakmaFormu","200","True","2667,16","2667,16","0"
"2026-02-23T16:11:11.7654726+03:00","262,22","/Anasayfa","200","True","2667,16","2667,17","0,01"
"2026-02-23T16:11:13.0778376+03:00","263,53","/Veri","200","True","2667,17","2667,17","0"
"2026-02-23T16:11:14.3907765+03:00","264,85","/Veri/Fatura","200","True","2667,17","2667,18","0,01"
"2026-02-23T16:11:15.7663698+03:00","266,22","/Veri/Mizanlar/VukMizan","200","True","2667,18","2667,25","0,07"
"2026-02-23T16:11:17.1136960+03:00","267,57","/Hesaplamalar","200","True","2667,25","2667,25","0"
"2026-02-23T16:11:18.4817949+03:00","268,94","/Hesaplamalar/Kredi","200","True","2667,25","2667,25","0"
"2026-02-23T16:11:19.8117168+03:00","270,27","/Hesaplamalar/Kredi/KrediDetaylari/1","200","True","2667,25","2667,25","0"
"2026-02-23T16:11:21.1212047+03:00","271,58","/Hesaplamalar/KidemTazminatiTfrs","200","True","2667,25","2667,42","0,17"
"2026-02-23T16:11:22.4655179+03:00","272,92","/DenetimKanitlari","200","True","2667,42","2667,48","0,06"
"2026-02-23T16:11:23.8057689+03:00","274,26","/DenetimKanitlari/MaddiDogrulamaProsedurleri","200","True","2667,48","2667,48","0"
"2026-02-23T16:11:25.1991039+03:00","275,65","/Kys/MusteriIliskisi/MusteriBirakmaFormu","200","True","2667,48","2667,49","0,01"
"2026-02-23T16:11:26.5292638+03:00","276,98","/Anasayfa","200","True","2667,49","2667,49","0"
"2026-02-23T16:11:27.9206380+03:00","278,38","/Veri","200","True","2667,49","2667,49","0"
"2026-02-23T16:11:29.2665379+03:00","279,72","/Veri/Fatura","200","True","2667,49","2667,49","0"
"2026-02-23T16:11:30.6351931+03:00","281,09","/Veri/Mizanlar/VukMizan","200","True","2667,49","2667,55","0,06"
"2026-02-23T16:11:31.9763974+03:00","282,43","/Hesaplamalar","200","True","2667,55","2667,55","0"
"2026-02-23T16:11:33.3013945+03:00","283,76","/Hesaplamalar/Kredi","200","True","2667,55","2667,55","0"
"2026-02-23T16:11:34.7042689+03:00","285,16","/Hesaplamalar/Kredi/KrediDetaylari/1","200","True","2667,55","2667,55","0"
"2026-02-23T16:11:36.0074203+03:00","286,46","/Hesaplamalar/KidemTazminatiTfrs","200","True","2667,55","2667,72","0,17"
"2026-02-23T16:11:37.3240104+03:00","287,78","/DenetimKanitlari","200","True","2667,72","2667,79","0,07"
"2026-02-23T16:11:38.6706916+03:00","289,13","/DenetimKanitlari/MaddiDogrulamaProsedurleri","200","True","2667,79","2667,79","0"
"2026-02-23T16:11:40.0349078+03:00","290,49","/Kys/MusteriIliskisi/MusteriBirakmaFormu","200","True","2667,79","2667,79","0"
"2026-02-23T16:11:41.3661268+03:00","291,82","/Anasayfa","200","True","2667,79","2667,79","0"
"2026-02-23T16:11:42.6722269+03:00","293,13","/Veri","200","True","2667,79","2667,79","0"
"2026-02-23T16:11:44.0246383+03:00","294,48","/Veri/Fatura","200","True","2667,79","2667,85","0,06"
"2026-02-23T16:11:45.3300861+03:00","295,79","/Veri/Mizanlar/VukMizan","200","True","2667,85","2667,85","0"
"2026-02-23T16:11:46.6724232+03:00","297,13","/Hesaplamalar","200","True","2667,85","2667,85","0"
"2026-02-23T16:11:48.0314423+03:00","298,49","/Hesaplamalar/Kredi","200","True","2667,85","2667,85","0"
"2026-02-23T16:11:49.4143690+03:00","299,87","/Hesaplamalar/Kredi/KrediDetaylari/1","200","True","2667,85","2651,35","-16,5"
"2026-02-23T16:11:50.7615607+03:00","301,22","/Hesaplamalar/KidemTazminatiTfrs","200","True","2651,35","2651,52","0,17"
"2026-02-23T16:11:52.1603949+03:00","302,62","/DenetimKanitlari","200","True","2651,52","2651,77","0,25"
"2026-02-23T16:11:53.5407439+03:00","304","/DenetimKanitlari/MaddiDogrulamaProsedurleri","200","True","2651,77","2651,77","0"
"2026-02-23T16:11:54.9339727+03:00","305,39","/Kys/MusteriIliskisi/MusteriBirakmaFormu","200","True","2651,77","2652,27","0,5"
"2026-02-23T16:11:56.2532331+03:00","306,71","/Anasayfa","200","True","2652,27","2652,27","0"
"2026-02-23T16:11:57.6228402+03:00","308,08","/Veri","200","True","2652,27","2652,27","0"
"2026-02-23T16:11:58.9385799+03:00","309,39","/Veri/Fatura","200","True","2652,27","2652,27","0"
"2026-02-23T16:12:00.2942715+03:00","310,75","/Veri/Mizanlar/VukMizan","200","True","2652,27","2652,27","0"
"2026-02-23T16:12:01.6244803+03:00","312,08","/Hesaplamalar","200","True","2652,27","2653,21","0,94"
"2026-02-23T16:12:02.9762621+03:00","313,43","/Hesaplamalar/Kredi","200","True","2653,21","2653,21","0"
"2026-02-23T16:12:04.3487730+03:00","314,8","/Hesaplamalar/Kredi/KrediDetaylari/1","200","True","2653,21","2653,21","0"
"2026-02-23T16:12:05.7069548+03:00","316,16","/Hesaplamalar/KidemTazminatiTfrs","200","True","2653,21","2653,38","0,17"
"2026-02-23T16:12:07.0148788+03:00","317,47","/DenetimKanitlari","200","True","2653,38","2653,38","0"
"2026-02-23T16:12:08.3133517+03:00","318,77","/DenetimKanitlari/MaddiDogrulamaProsedurleri","200","True","2653,38","2653,38","0"
"2026-02-23T16:12:09.6692492+03:00","320,12","/Kys/MusteriIliskisi/MusteriBirakmaFormu","200","True","2653,38","2653,39","0,01"
"2026-02-23T16:12:11.0240158+03:00","321,48","/Anasayfa","200","True","2653,39","2653,39","0"
"2026-02-23T16:12:12.3735339+03:00","322,83","/Veri","200","True","2653,39","2655,2","1,81"
"2026-02-23T16:12:13.7375890+03:00","324,19","/Veri/Fatura","200","True","2655,2","2655,2","0"
"2026-02-23T16:12:15.1265826+03:00","325,58","/Veri/Mizanlar/VukMizan","200","True","2655,2","2655,2","0"
"2026-02-23T16:12:16.4566143+03:00","326,91","/Hesaplamalar","200","True","2655,2","2655,2","0"
"2026-02-23T16:12:17.8130285+03:00","328,27","/Hesaplamalar/Kredi","200","True","2655,2","2655,21","0,01"
"2026-02-23T16:12:19.2216334+03:00","329,68","/Hesaplamalar/Kredi/KrediDetaylari/1","200","True","2655,21","2655,22","0,01"
"2026-02-23T16:12:20.5905369+03:00","331,05","/Hesaplamalar/KidemTazminatiTfrs","200","True","2655,22","2655,39","0,17"
"2026-02-23T16:12:21.9258499+03:00","332,38","/DenetimKanitlari","200","True","2655,39","2655,39","0"
"2026-02-23T16:12:23.2600475+03:00","333,72","/DenetimKanitlari/MaddiDogrulamaProsedurleri","200","True","2655,39","2655,45","0,06"
"2026-02-23T16:12:24.5637514+03:00","335,02","/Kys/MusteriIliskisi/MusteriBirakmaFormu","200","True","2655,45","2655,46","0,01"
"2026-02-23T16:12:25.8614210+03:00","336,32","/Anasayfa","200","True","2655,46","2655,46","0"
"2026-02-23T16:12:27.1923727+03:00","337,65","/Veri","200","True","2655,46","2655,46","0"
"2026-02-23T16:12:28.5029335+03:00","338,96","/Veri/Fatura","200","True","2655,46","2655,46","0"
"2026-02-23T16:12:29.8032531+03:00","340,26","/Veri/Mizanlar/VukMizan","200","True","2655,46","2655,52","0,06"
"2026-02-23T16:12:31.1356483+03:00","341,59","/Hesaplamalar","200","True","2655,52","2655,52","0"
"2026-02-23T16:12:32.4724378+03:00","342,93","/Hesaplamalar/Kredi","200","True","2655,52","2655,52","0"
"2026-02-23T16:12:33.8440566+03:00","344,3","/Hesaplamalar/Kredi/KrediDetaylari/1","200","True","2655,52","2655,54","0,02"
"2026-02-23T16:12:35.2057762+03:00","345,66","/Hesaplamalar/KidemTazminatiTfrs","200","True","2655,54","2655,7","0,16"
"2026-02-23T16:12:36.5042636+03:00","346,96","/DenetimKanitlari","200","True","2655,7","2659,33","3,63"
"2026-02-23T16:12:37.8500792+03:00","348,31","/DenetimKanitlari/MaddiDogrulamaProsedurleri","200","True","2659,33","2659,33","0"
"2026-02-23T16:12:39.2085342+03:00","349,66","/Kys/MusteriIliskisi/MusteriBirakmaFormu","200","True","2659,33","2659,33","0"
"2026-02-23T16:12:40.5680037+03:00","351,02","/Anasayfa","200","True","2659,33","2659,33","0"
"2026-02-23T16:12:41.8973864+03:00","352,35","/Veri","200","True","2659,33","2659,33","0"
"2026-02-23T16:12:43.2629041+03:00","353,72","/Veri/Fatura","200","True","2659,33","2659,33","0"
"2026-02-23T16:12:44.6281501+03:00","355,08","/Veri/Mizanlar/VukMizan","200","True","2659,33","2659,39","0,06"
"2026-02-23T16:12:45.9842356+03:00","356,44","/Hesaplamalar","200","True","2659,39","2659,39","0"
"2026-02-23T16:12:47.3378532+03:00","357,79","/Hesaplamalar/Kredi","200","True","2659,39","2659,39","0"
"2026-02-23T16:12:48.7586507+03:00","359,21","/Hesaplamalar/Kredi/KrediDetaylari/1","200","True","2659,39","2659,39","0"
"2026-02-23T16:12:50.0565121+03:00","360,51","/Hesaplamalar/KidemTazminatiTfrs","200","True","2659,39","2659,56","0,17"
"2026-02-23T16:12:51.3529535+03:00","361,81","/DenetimKanitlari","200","True","2659,56","2659,62","0,06"
"2026-02-23T16:12:52.6621007+03:00","363,12","/DenetimKanitlari/MaddiDogrulamaProsedurleri","200","True","2659,62","2659,62","0"
"2026-02-23T16:12:53.9615927+03:00","364,42","/Kys/MusteriIliskisi/MusteriBirakmaFormu","200","True","2659,62","2659,62","0"
"2026-02-23T16:12:55.2604066+03:00","365,72","/Anasayfa","200","True","2659,62","2659,63","0,01"
"2026-02-23T16:12:56.5586087+03:00","367,01","/Veri","200","True","2659,63","2659,63","0"
"2026-02-23T16:12:57.9172134+03:00","368,37","/Veri/Fatura","200","True","2659,63","2659,69","0,06"
"2026-02-23T16:12:59.2344896+03:00","369,69","/Veri/Mizanlar/VukMizan","200","True","2659,69","2659,93","0,24"
"2026-02-23T16:13:00.5862188+03:00","371,04","/Hesaplamalar","200","True","2659,93","2659,93","0"
"2026-02-23T16:13:01.9387772+03:00","372,39","/Hesaplamalar/Kredi","200","True","2659,93","2660,02","0,09"
"2026-02-23T16:13:03.3599329+03:00","373,82","/Hesaplamalar/Kredi/KrediDetaylari/1","200","True","2660,02","2660,02","0"
"2026-02-23T16:13:04.7128620+03:00","375,17","/Hesaplamalar/KidemTazminatiTfrs","200","True","2660,02","2660,25","0,23"
"2026-02-23T16:13:06.0989373+03:00","376,55","/DenetimKanitlari","200","True","2660,25","2660,25","0"
"2026-02-23T16:13:07.4905269+03:00","377,95","/DenetimKanitlari/MaddiDogrulamaProsedurleri","200","True","2660,25","2660,25","0"
"2026-02-23T16:13:08.8343707+03:00","379,29","/Kys/MusteriIliskisi/MusteriBirakmaFormu","200","True","2660,25","2660,25","0"
"2026-02-23T16:13:10.1978812+03:00","380,65","/Anasayfa","200","True","2660,25","2660,25","0"
"2026-02-23T16:13:11.5440811+03:00","382","/Veri","200","True","2660,25","2660,25","0"
"2026-02-23T16:13:12.8950446+03:00","383,35","/Veri/Fatura","200","True","2660,25","2660,31","0,06"
"2026-02-23T16:13:14.2536351+03:00","384,71","/Veri/Mizanlar/VukMizan","200","True","2660,31","2660,31","0"
"2026-02-23T16:13:15.5714436+03:00","386,03","/Hesaplamalar","200","True","2660,31","2660,32","0,01"
"2026-02-23T16:13:16.8707185+03:00","387,33","/Hesaplamalar/Kredi","200","True","2660,32","2660,32","0"
"2026-02-23T16:13:18.2435096+03:00","388,7","/Hesaplamalar/Kredi/KrediDetaylari/1","200","True","2660,32","2660,32","0"
"2026-02-23T16:13:19.5890391+03:00","390,04","/Hesaplamalar/KidemTazminatiTfrs","200","True","2660,32","2660,55","0,23"
"2026-02-23T16:13:20.9026564+03:00","391,36","/DenetimKanitlari","200","True","2660,55","2660,55","0"
"2026-02-23T16:13:22.2117743+03:00","392,67","/DenetimKanitlari/MaddiDogrulamaProsedurleri","200","True","2660,55","2660,55","0"
"2026-02-23T16:13:23.5353410+03:00","393,99","/Kys/MusteriIliskisi/MusteriBirakmaFormu","200","True","2660,55","2667,82","7,27"
"2026-02-23T16:13:24.8693919+03:00","395,32","/Anasayfa","200","True","2667,82","2667,83","0,01"
"2026-02-23T16:13:26.2007362+03:00","396,66","/Veri","200","True","2667,83","2667,89","0,06"
"2026-02-23T16:13:27.5602602+03:00","398,02","/Veri/Fatura","200","True","2667,89","2667,9","0,01"
"2026-02-23T16:13:28.8992673+03:00","399,35","/Veri/Mizanlar/VukMizan","200","True","2667,9","2667,91","0,01"
"2026-02-23T16:13:30.2404536+03:00","400,7","/Hesaplamalar","200","True","2667,91","2667,91","0"
"2026-02-23T16:13:31.6186386+03:00","402,07","/Hesaplamalar/Kredi","200","True","2667,91","2667,91","0"
"2026-02-23T16:13:33.0471895+03:00","403,5","/Hesaplamalar/Kredi/KrediDetaylari/1","200","True","2667,91","2667,97","0,06"
"2026-02-23T16:13:34.4401447+03:00","404,9","/Hesaplamalar/KidemTazminatiTfrs","200","True","2667,97","2668,14","0,17"
"2026-02-23T16:13:35.8430912+03:00","406,3","/DenetimKanitlari","200","True","2668,14","2668,14","0"
"2026-02-23T16:13:37.2243761+03:00","407,68","/DenetimKanitlari/MaddiDogrulamaProsedurleri","200","True","2668,14","2668,14","0"
"2026-02-23T16:13:38.5315846+03:00","408,99","/Kys/MusteriIliskisi/MusteriBirakmaFormu","200","True","2668,14","2668,14","0"
"2026-02-23T16:13:39.8418864+03:00","410,3","/Anasayfa","200","True","2668,14","2668,14","0"
"2026-02-23T16:13:41.2012457+03:00","411,66","/Veri","200","True","2668,14","2668,21","0,07"
"2026-02-23T16:13:42.5707212+03:00","413,03","/Veri/Fatura","200","True","2668,21","2668,21","0"
"2026-02-23T16:13:43.9171451+03:00","414,37","/Veri/Mizanlar/VukMizan","200","True","2668,21","2668,21","0"
"2026-02-23T16:13:45.2588839+03:00","415,71","/Hesaplamalar","200","True","2668,21","2668,21","0"
"2026-02-23T16:13:46.6068551+03:00","417,06","/Hesaplamalar/Kredi","200","True","2668,21","2668,22","0,01"
"2026-02-23T16:13:48.0063056+03:00","418,46","/Hesaplamalar/Kredi/KrediDetaylari/1","200","True","2668,22","2668,29","0,07"
"2026-02-23T16:13:49.3364389+03:00","419,79","/Hesaplamalar/KidemTazminatiTfrs","200","True","2668,29","2668,46","0,17"
"2026-02-23T16:13:50.7175820+03:00","421,17","/DenetimKanitlari","200","True","2668,46","2668,53","0,07"
"2026-02-23T16:13:52.1160370+03:00","422,57","/DenetimKanitlari/MaddiDogrulamaProsedurleri","200","True","2668,53","2668,53","0"
"2026-02-23T16:13:53.5345581+03:00","423,99","/Kys/MusteriIliskisi/MusteriBirakmaFormu","200","True","2668,53","2649,64","-18,89"
"2026-02-23T16:13:54.8989291+03:00","425,35","/Anasayfa","200","True","2649,64","2649,71","0,07"
"2026-02-23T16:13:56.2990329+03:00","426,75","/Veri","200","True","2649,71","2649,71","0"
"2026-02-23T16:13:57.6817482+03:00","428,14","/Veri/Fatura","200","True","2649,71","2649,71","0"
"2026-02-23T16:13:59.0345921+03:00","429,49","/Veri/Mizanlar/VukMizan","200","True","2649,71","2649,71","0"
"2026-02-23T16:14:00.3445070+03:00","430,8","/Hesaplamalar","200","True","2649,71","2649,71","0"
"2026-02-23T16:14:01.6620811+03:00","432,12","/Hesaplamalar/Kredi","200","True","2649,71","2649,77","0,06"
"2026-02-23T16:14:03.0199995+03:00","433,48","/Hesaplamalar/Kredi/KrediDetaylari/1","200","True","2649,77","2649,77","0"
"2026-02-23T16:14:04.3192286+03:00","434,77","/Hesaplamalar/KidemTazminatiTfrs","200","True","2649,77","2649,94","0,17"
"2026-02-23T16:14:05.6293336+03:00","436,08","/DenetimKanitlari","200","True","2649,94","2650,14","0,2"
"2026-02-23T16:14:06.9514937+03:00","437,41","/DenetimKanitlari/MaddiDogrulamaProsedurleri","200","True","2650,14","2650,14","0"
"2026-02-23T16:14:08.2518548+03:00","438,71","/Kys/MusteriIliskisi/MusteriBirakmaFormu","200","True","2650,14","2650,14","0"
"2026-02-23T16:14:09.5634621+03:00","440,02","/Anasayfa","200","True","2650,14","2650,2","0,06"
"2026-02-23T16:14:10.8927888+03:00","441,35","/Veri","200","True","2650,2","2650,21","0,01"
"2026-02-23T16:14:12.1918276+03:00","442,65","/Veri/Fatura","200","True","2650,21","2650,21","0"
"2026-02-23T16:14:13.5363225+03:00","443,99","/Veri/Mizanlar/VukMizan","200","True","2650,21","2650,22","0,01"
"2026-02-23T16:14:14.8447895+03:00","445,3","/Hesaplamalar","200","True","2650,22","2650,22","0"
"2026-02-23T16:14:16.1431696+03:00","446,6","/Hesaplamalar/Kredi","200","True","2650,22","2650,29","0,07"
"2026-02-23T16:14:17.5365780+03:00","447,99","/Hesaplamalar/Kredi/KrediDetaylari/1","200","True","2650,29","2650,29","0"
"2026-02-23T16:14:18.9044790+03:00","449,36","/Hesaplamalar/KidemTazminatiTfrs","200","True","2650,29","2650,45","0,16"
"2026-02-23T16:14:20.2494327+03:00","450,7","/DenetimKanitlari","200","True","2650,45","2650,45","0"
"2026-02-23T16:14:21.5471826+03:00","452","/DenetimKanitlari/MaddiDogrulamaProsedurleri","200","True","2650,45","2650,45","0"
"2026-02-23T16:14:22.8724594+03:00","453,33","/Kys/MusteriIliskisi/MusteriBirakmaFormu","200","True","2650,45","2650,52","0,07"
"2026-02-23T16:14:24.1815032+03:00","454,64","/Anasayfa","200","True","2650,52","2650,52","0"
"2026-02-23T16:14:25.4833251+03:00","455,94","/Veri","200","True","2650,52","2650,52","0"
"2026-02-23T16:14:26.8116864+03:00","457,27","/Veri/Fatura","200","True","2650,52","2650,52","0"
"2026-02-23T16:14:28.1190016+03:00","458,57","/Veri/Mizanlar/VukMizan","200","True","2650,52","2650,52","0"
"2026-02-23T16:14:29.4281318+03:00","459,88","/Hesaplamalar","200","True","2650,52","2650,58","0,06"
"2026-02-23T16:14:30.7419123+03:00","461,2","/Hesaplamalar/Kredi","200","True","2650,58","2650,58","0"
"2026-02-23T16:14:32.0518326+03:00","462,51","/Hesaplamalar/Kredi/KrediDetaylari/1","200","True","2650,58","2650,58","0"
"2026-02-23T16:14:33.3523510+03:00","463,81","/Hesaplamalar/KidemTazminatiTfrs","200","True","2650,58","2650,75","0,17"
"2026-02-23T16:14:34.6988550+03:00","465,15","/DenetimKanitlari","200","True","2650,75","2650,75","0"
"2026-02-23T16:14:36.0471956+03:00","466,5","/DenetimKanitlari/MaddiDogrulamaProsedurleri","200","True","2650,75","2650,75","0"
"2026-02-23T16:14:37.3640410+03:00","467,82","/Kys/MusteriIliskisi/MusteriBirakmaFormu","200","True","2650,75","2650,82","0,07"
"2026-02-23T16:14:38.6943876+03:00","469,15","/Anasayfa","200","True","2650,82","2650,82","0"
"2026-02-23T16:14:40.0143675+03:00","470,47","/Veri","200","True","2650,82","2650,83","0,01"
"2026-02-23T16:14:41.3247544+03:00","471,78","/Veri/Fatura","200","True","2650,83","2650,83","0"
"2026-02-23T16:14:42.6278560+03:00","473,08","/Veri/Mizanlar/VukMizan","200","True","2650,83","2650,83","0"
"2026-02-23T16:14:43.9556028+03:00","474,41","/Hesaplamalar","200","True","2650,83","2650,9","0,07"
"2026-02-23T16:14:45.2604494+03:00","475,72","/Hesaplamalar/Kredi","200","True","2650,9","2650,9","0"
"2026-02-23T16:14:46.5721140+03:00","477,03","/Hesaplamalar/Kredi/KrediDetaylari/1","200","True","2650,9","2650,9","0"
"2026-02-23T16:14:47.8908968+03:00","478,35","/Hesaplamalar/KidemTazminatiTfrs","200","True","2650,9","2651,07","0,17"
"2026-02-23T16:14:49.3115313+03:00","479,77","/DenetimKanitlari","200","True","2651,07","2651,07","0"
"2026-02-23T16:14:50.6816813+03:00","481,14","/DenetimKanitlari/MaddiDogrulamaProsedurleri","200","True","2651,07","2651,13","0,06"
"2026-02-23T16:14:51.9997170+03:00","482,46","/Kys/MusteriIliskisi/MusteriBirakmaFormu","200","True","2651,13","2651,14","0,01"
"2026-02-23T16:14:53.3029664+03:00","483,76","/Anasayfa","200","True","2651,14","2651,14","0"
"2026-02-23T16:14:54.5932674+03:00","485,05","/Veri","200","True","2651,14","2651,14","0"
"2026-02-23T16:14:55.9054821+03:00","486,36","/Veri/Fatura","200","True","2651,14","2651,13","-0,01"
"2026-02-23T16:14:57.3160547+03:00","487,77","/Veri/Mizanlar/VukMizan","200","True","2651,13","2633,61","-17,52"
"2026-02-23T16:14:58.7497491+03:00","489,21","/Hesaplamalar","200","True","2633,61","2633,62","0,01"
"2026-02-23T16:15:00.1163921+03:00","490,57","/Hesaplamalar/Kredi","200","True","2633,62","2633,88","0,26"
"2026-02-23T16:15:01.5929570+03:00","492,05","/Hesaplamalar/Kredi/KrediDetaylari/1","200","True","2633,88","2633,88","0"
"2026-02-23T16:15:03.0191863+03:00","493,47","/Hesaplamalar/KidemTazminatiTfrs","200","True","2633,88","2603,94","-29,94"
"2026-02-23T16:15:04.3651819+03:00","494,82","/DenetimKanitlari","200","True","2603,94","2603,94","0"
"2026-02-23T16:15:05.6786989+03:00","496,13","/DenetimKanitlari/MaddiDogrulamaProsedurleri","200","True","2603,94","2603,94","0"
"2026-02-23T16:15:07.0091252+03:00","497,46","/Kys/MusteriIliskisi/MusteriBirakmaFormu","200","True","2603,94","2603,94","0"
"2026-02-23T16:15:08.3833913+03:00","498,84","/Anasayfa","200","True","2603,94","2604,88","0,94"
"2026-02-23T16:15:09.7018484+03:00","500,16","/Veri","200","True","2604,88","2604,88","0"
"2026-02-23T16:15:11.0210692+03:00","501,48","/Veri/Fatura","200","True","2604,88","2604,88","0"
"2026-02-23T16:15:12.3301218+03:00","502,79","/Veri/Mizanlar/VukMizan","200","True","2604,88","2604,88","0"
"2026-02-23T16:15:13.6465686+03:00","504,1","/Hesaplamalar","200","True","2604,88","2604,88","0"
"2026-02-23T16:15:14.9725164+03:00","505,43","/Hesaplamalar/Kredi","200","True","2604,88","2604,88","0"
"2026-02-23T16:15:16.2936080+03:00","506,75","/Hesaplamalar/Kredi/KrediDetaylari/1","200","True","2604,88","2604,88","0"
"2026-02-23T16:15:17.5964120+03:00","508,05","/Hesaplamalar/KidemTazminatiTfrs","200","True","2604,88","2605,03","0,15"
"2026-02-23T16:15:18.8969972+03:00","509,35","/DenetimKanitlari","200","True","2605,03","2604,97","-0,06"
"2026-02-23T16:15:20.1953233+03:00","510,65","/DenetimKanitlari/MaddiDogrulamaProsedurleri","200","True","2604,97","2607,03","2,06"
"2026-02-23T16:15:21.5218874+03:00","511,98","/Kys/MusteriIliskisi/MusteriBirakmaFormu","200","True","2607,03","2607,03","0"
"2026-02-23T16:15:22.8437765+03:00","513,3","/Anasayfa","200","True","2607,03","2607,03","0"
"2026-02-23T16:15:24.1583881+03:00","514,61","/Veri","200","True","2607,03","2607,03","0"
"2026-02-23T16:15:25.4895388+03:00","515,95","/Veri/Fatura","200","True","2607,03","2607,02","-0,01"
"2026-02-23T16:15:26.8236801+03:00","517,28","/Veri/Mizanlar/VukMizan","200","True","2607,02","2607","-0,02"
"2026-02-23T16:15:28.1707720+03:00","518,63","/Hesaplamalar","200","True","2607","2607","0"
"2026-02-23T16:15:29.4807669+03:00","519,94","/Hesaplamalar/Kredi","200","True","2607","2607,26","0,26"
"2026-02-23T16:15:30.8401096+03:00","521,3","/Hesaplamalar/Kredi/KrediDetaylari/1","200","True","2607,26","2607,26","0"
"2026-02-23T16:15:32.2178360+03:00","522,67","/Hesaplamalar/KidemTazminatiTfrs","200","True","2607,26","2524,15","-83,11"
"2026-02-23T16:15:33.5186503+03:00","523,97","/DenetimKanitlari","200","True","2524,15","2524,15","0"
"2026-02-23T16:15:34.8865047+03:00","525,34","/DenetimKanitlari/MaddiDogrulamaProsedurleri","200","True","2524,15","2524,15","0"
"2026-02-23T16:15:36.1975690+03:00","526,65","/Kys/MusteriIliskisi/MusteriBirakmaFormu","200","True","2524,15","2524,15","0"
"2026-02-23T16:15:37.5145012+03:00","527,97","/Anasayfa","200","True","2524,15","2524,21","0,06"
"2026-02-23T16:15:38.8230110+03:00","529,28","/Veri","200","True","2524,21","2524,21","0"
"2026-02-23T16:15:40.1302113+03:00","530,59","/Veri/Fatura","200","True","2524,21","2524,21","0"
"2026-02-23T16:15:41.4318193+03:00","531,89","/Veri/Mizanlar/VukMizan","200","True","2524,21","2524,21","0"
"2026-02-23T16:15:42.7261601+03:00","533,18","/Hesaplamalar","200","True","2524,21","2524,21","0"
"2026-02-23T16:15:44.0314360+03:00","534,49","/Hesaplamalar/Kredi","200","True","2524,21","2527,84","3,63"
"2026-02-23T16:15:45.3901095+03:00","535,85","/Hesaplamalar/Kredi/KrediDetaylari/1","200","True","2527,84","2527,91","0,07"
"2026-02-23T16:15:46.7250569+03:00","537,18","/Hesaplamalar/KidemTazminatiTfrs","200","True","2527,91","2528,08","0,17"
"2026-02-23T16:15:48.0673270+03:00","538,52","/DenetimKanitlari","200","True","2528,08","2528,08","0"
"2026-02-23T16:15:49.3680044+03:00","539,82","/DenetimKanitlari/MaddiDogrulamaProsedurleri","200","True","2528,08","2528,08","0"
"2026-02-23T16:15:50.6741173+03:00","541,13","/Kys/MusteriIliskisi/MusteriBirakmaFormu","200","True","2528,08","2528,08","0"
"2026-02-23T16:15:52.0405738+03:00","542,5","/Anasayfa","200","True","2528,08","2528,35","0,27"
"2026-02-23T16:15:53.3683136+03:00","543,82","/Veri","200","True","2528,35","2528,37","0,02"
"2026-02-23T16:15:54.6708671+03:00","545,13","/Veri/Fatura","200","True","2528,37","2528,38","0,01"
"2026-02-23T16:15:55.9790253+03:00","546,43","/Veri/Mizanlar/VukMizan","200","True","2528,38","2528,39","0,01"
"2026-02-23T16:15:57.2707023+03:00","547,72","/Hesaplamalar","200","True","2528,39","2528,41","0,02"
"2026-02-23T16:15:58.6173544+03:00","549,07","/Hesaplamalar/Kredi","200","True","2528,41","2528,49","0,08"
"2026-02-23T16:15:59.9435701+03:00","550,4","/Hesaplamalar/Kredi/KrediDetaylari/1","200","True","2528,49","2528,5","0,01"
"2026-02-23T16:16:01.2640068+03:00","551,72","/Hesaplamalar/KidemTazminatiTfrs","200","True","2528,5","2528,66","0,16"
"2026-02-23T16:16:02.5779271+03:00","553,03","/DenetimKanitlari","200","True","2528,66","2528,66","0"
"2026-02-23T16:16:03.9293693+03:00","554,38","/DenetimKanitlari/MaddiDogrulamaProsedurleri","200","True","2528,66","2528,66","0"
"2026-02-23T16:16:05.2677267+03:00","555,72","/Kys/MusteriIliskisi/MusteriBirakmaFormu","200","True","2528,66","2528,73","0,07"
"2026-02-23T16:16:06.6025434+03:00","557,06","/Anasayfa","200","True","2528,73","2528,73","0"
"2026-02-23T16:16:07.9160162+03:00","558,37","/Veri","200","True","2528,73","2528,73","0"
"2026-02-23T16:16:09.2686399+03:00","559,72","/Veri/Fatura","200","True","2528,73","2528,73","0"
"2026-02-23T16:16:10.5725052+03:00","561,03","/Veri/Mizanlar/VukMizan","200","True","2528,73","2528,73","0"
"2026-02-23T16:16:11.8867517+03:00","562,34","/Hesaplamalar","200","True","2528,73","2528,8","0,07"
"2026-02-23T16:16:13.1933562+03:00","563,65","/Hesaplamalar/Kredi","200","True","2528,8","2528,8","0"
"2026-02-23T16:16:14.5736473+03:00","565,03","/Hesaplamalar/Kredi/KrediDetaylari/1","200","True","2528,8","2528,8","0"
"2026-02-23T16:16:15.9290155+03:00","566,38","/Hesaplamalar/KidemTazminatiTfrs","200","True","2528,8","2528,97","0,17"
"2026-02-23T16:16:17.2303832+03:00","567,69","/DenetimKanitlari","200","True","2528,97","2528,97","0"
"2026-02-23T16:16:18.5396643+03:00","568,99","/DenetimKanitlari/MaddiDogrulamaProsedurleri","200","True","2528,97","2528,97","0"
"2026-02-23T16:16:19.8741712+03:00","570,33","/Kys/MusteriIliskisi/MusteriBirakmaFormu","200","True","2528,97","2529,03","0,06"
"2026-02-23T16:16:21.1902850+03:00","571,65","/Anasayfa","200","True","2529,03","2529,03","0"
"2026-02-23T16:16:22.5104336+03:00","572,97","/Veri","200","True","2529,03","2529,04","0,01"
"2026-02-23T16:16:23.8208200+03:00","574,28","/Veri/Fatura","200","True","2529,04","2529,04","0"
"2026-02-23T16:16:25.1220039+03:00","575,58","/Veri/Mizanlar/VukMizan","200","True","2529,04","2529,04","0"
"2026-02-23T16:16:26.4508136+03:00","576,91","/Hesaplamalar","200","True","2529,04","2529,1","0,06"
"2026-02-23T16:16:27.7472483+03:00","578,2","/Hesaplamalar/Kredi","200","True","2529,1","2529,1","0"
"2026-02-23T16:16:29.0672357+03:00","579,52","/Hesaplamalar/Kredi/KrediDetaylari/1","200","True","2529,1","2536,16","7,06"
"2026-02-23T16:16:30.3763739+03:00","580,83","/Hesaplamalar/KidemTazminatiTfrs","200","True","2536,16","2536,33","0,17"
"2026-02-23T16:16:31.6932149+03:00","582,15","/DenetimKanitlari","200","True","2536,33","2536,33","0"
"2026-02-23T16:16:32.9939792+03:00","583,45","/DenetimKanitlari/MaddiDogrulamaProsedurleri","200","True","2536,33","2536,39","0,06"
"2026-02-23T16:16:34.3682492+03:00","584,82","/Kys/MusteriIliskisi/MusteriBirakmaFormu","200","True","2536,39","2536,39","0"
"2026-02-23T16:16:35.6676391+03:00","586,12","/Anasayfa","200","True","2536,39","2536,39","0"
"2026-02-23T16:16:36.9623411+03:00","587,42","/Veri","200","True","2536,39","2536,39","0"
"2026-02-23T16:16:38.2735828+03:00","588,73","/Veri/Fatura","200","True","2536,39","2536,39","0"
"2026-02-23T16:16:39.5998022+03:00","590,06","/Veri/Mizanlar/VukMizan","200","True","2536,39","2536,45","0,06"
"2026-02-23T16:16:40.9128999+03:00","591,37","/Hesaplamalar","200","True","2536,45","2536,53","0,08"
"2026-02-23T16:16:42.2334860+03:00","592,69","/Hesaplamalar/Kredi","200","True","2536,53","2536,53","0"
"2026-02-23T16:16:43.6015772+03:00","594,06","/Hesaplamalar/Kredi/KrediDetaylari/1","200","True","2536,53","2536,71","0,18"
"2026-02-23T16:16:44.9062420+03:00","595,36","/Hesaplamalar/KidemTazminatiTfrs","200","True","2536,71","2536,88","0,17"
"2026-02-23T16:16:46.2062164+03:00","596,66","/DenetimKanitlari","200","True","2536,88","2536,88","0"
"2026-02-23T16:16:47.5162224+03:00","597,97","/DenetimKanitlari/MaddiDogrulamaProsedurleri","200","True","2536,88","2536,94","0,06"
"2026-02-23T16:16:48.8297979+03:00","599,29","/Kys/MusteriIliskisi/MusteriBirakmaFormu","200","True","2536,94","2536,95","0,01"
"2026-02-23T16:16:50.1405693+03:00","600,6","/Anasayfa","200","True","2536,95","2536,95","0"
"2026-02-23T16:16:51.4515950+03:00","601,91","/Veri","200","True","2536,95","2536,95","0"
"2026-02-23T16:16:52.7540265+03:00","603,21","/Veri/Fatura","200","True","2536,95","2536,97","0,02"
"2026-02-23T16:16:54.0787981+03:00","604,53","/Veri/Mizanlar/VukMizan","200","True","2536,97","2537,04","0,07"
"2026-02-23T16:16:55.4717301+03:00","605,93","/Hesaplamalar","200","True","2537,04","2537,04","0"
"2026-02-23T16:16:56.7990512+03:00","607,25","/Hesaplamalar/Kredi","200","True","2537,04","2537,04","0"
"2026-02-23T16:16:58.1187421+03:00","608,57","/Hesaplamalar/Kredi/KrediDetaylari/1","200","True","2537,04","2537,04","0"
"2026-02-23T16:16:59.4459109+03:00","609,9","/Hesaplamalar/KidemTazminatiTfrs","200","True","2537,04","2537,21","0,17"
"2026-02-23T16:17:00.7464164+03:00","611,2","/DenetimKanitlari","200","True","2537,21","2537,27","0,06"
"2026-02-23T16:17:02.0475322+03:00","612,5","/DenetimKanitlari/MaddiDogrulamaProsedurleri","200","True","2537,27","2537,27","0"
"2026-02-23T16:17:03.3634567+03:00","613,82","/Kys/MusteriIliskisi/MusteriBirakmaFormu","200","True","2537,27","2537,27","0"
"2026-02-23T16:17:04.6592503+03:00","615,11","/Anasayfa","200","True","2537,27","2537,27","0"
"2026-02-23T16:17:05.9911473+03:00","616,45","/Veri","200","True","2537,27","2537,27","0"
"2026-02-23T16:17:07.3493107+03:00","617,8","/Veri/Fatura","200","True","2537,27","2537,33","0,06"
"2026-02-23T16:17:08.6956213+03:00","619,15","/Veri/Mizanlar/VukMizan","200","True","2537,33","2537,33","0"
"2026-02-23T16:17:10.0363715+03:00","620,49","/Hesaplamalar","200","True","2537,33","2537,34","0,01"
"2026-02-23T16:17:11.4240744+03:00","621,88","/Hesaplamalar/Kredi","200","True","2537,34","2537,34","0"
"2026-02-23T16:17:12.7917908+03:00","623,25","/Hesaplamalar/Kredi/KrediDetaylari/1","200","True","2537,34","2537,34","0"
"2026-02-23T16:17:14.1024605+03:00","624,56","/Hesaplamalar/KidemTazminatiTfrs","200","True","2537,34","2537,51","0,17"
"2026-02-23T16:17:15.4362080+03:00","625,89","/DenetimKanitlari","200","True","2537,51","2537,57","0,06"
"2026-02-23T16:17:16.7553546+03:00","627,21","/DenetimKanitlari/MaddiDogrulamaProsedurleri","200","True","2537,57","2537,57","0"
"2026-02-23T16:17:18.0730187+03:00","628,53","/Kys/MusteriIliskisi/MusteriBirakmaFormu","200","True","2537,57","2537,57","0"
"2026-02-23T16:17:19.4139326+03:00","629,87","/Anasayfa","200","True","2537,57","2537,57","0"
"2026-02-23T16:17:20.7315163+03:00","631,19","/Veri","200","True","2537,57","2537,57","0"
"2026-02-23T16:17:22.0448508+03:00","632,5","/Veri/Fatura","200","True","2537,57","2537,63","0,06"
"2026-02-23T16:17:23.3878392+03:00","633,84","/Veri/Mizanlar/VukMizan","200","True","2537,63","2537,63","0"
"2026-02-23T16:17:24.6796799+03:00","635,13","/Hesaplamalar","200","True","2537,63","2537,63","0"
"2026-02-23T16:17:26.0447979+03:00","636,5","/Hesaplamalar/Kredi","200","True","2537,63","2537,64","0,01"
"2026-02-23T16:17:27.3752581+03:00","637,83","/Hesaplamalar/Kredi/KrediDetaylari/1","200","True","2537,64","2537,64","0"
"2026-02-23T16:17:28.7687269+03:00","639,22","/Hesaplamalar/KidemTazminatiTfrs","200","True","2537,64","2537,87","0,23"
"2026-02-23T16:17:30.1365481+03:00","640,58","/DenetimKanitlari","200","True","2537,87","2537,87","0"
"2026-02-23T16:17:31.4762714+03:00","641,93","/DenetimKanitlari/MaddiDogrulamaProsedurleri","200","True","2537,87","2537,88","0,01"
"2026-02-23T16:17:32.7941145+03:00","643,25","/Kys/MusteriIliskisi/MusteriBirakmaFormu","200","True","2537,88","2537,88","0"
"2026-02-23T16:17:34.1402805+03:00","644,6","/Anasayfa","200","True","2537,88","2538,09","0,21"
"2026-02-23T16:17:35.4493795+03:00","645,9","/Veri","200","True","2538,09","2538,16","0,07"
"2026-02-23T16:17:36.7827545+03:00","647,24","/Veri/Fatura","200","True","2538,16","2538,18","0,02"
"2026-02-23T16:17:38.1123736+03:00","648,57","/Veri/Mizanlar/VukMizan","200","True","2538,18","2538,2","0,02"
"2026-02-23T16:17:39.4488136+03:00","649,9","/Hesaplamalar","200","True","2538,2","2538,21","0,01"
"2026-02-23T16:17:40.7883069+03:00","651,24","/Hesaplamalar/Kredi","200","True","2538,21","2538,23","0,02"
"2026-02-23T16:17:42.1075229+03:00","652,56","/Hesaplamalar/Kredi/KrediDetaylari/1","200","True","2538,23","2538,23","0"
"2026-02-23T16:17:43.4055949+03:00","653,86","/Hesaplamalar/KidemTazminatiTfrs","200","True","2538,23","2538,46","0,23"
"2026-02-23T16:17:44.7209359+03:00","655,18","/DenetimKanitlari","200","True","2538,46","2538,46","0"
"2026-02-23T16:17:46.0249350+03:00","656,48","/DenetimKanitlari/MaddiDogrulamaProsedurleri","200","True","2538,46","2538,46","0"
"2026-02-23T16:17:47.3371921+03:00","657,79","/Kys/MusteriIliskisi/MusteriBirakmaFormu","200","True","2538,46","2538,46","0"
"2026-02-23T16:17:48.6439485+03:00","659,1","/Anasayfa","200","True","2538,46","2538,46","0"
"2026-02-23T16:17:49.9556196+03:00","660,41","/Veri","200","True","2538,46","2538,53","0,07"
"2026-02-23T16:17:51.2776990+03:00","661,73","/Veri/Fatura","200","True","2538,53","2538,53","0"
"2026-02-23T16:17:52.5902821+03:00","663,05","/Veri/Mizanlar/VukMizan","200","True","2538,53","2538,53","0"
"2026-02-23T16:17:53.8951828+03:00","664,35","/Hesaplamalar","200","True","2538,53","2538,53","0"
"2026-02-23T16:17:55.2379887+03:00","665,69","/Hesaplamalar/Kredi","200","True","2538,53","2538,53","0"
"2026-02-23T16:17:56.5845604+03:00","667,04","/Hesaplamalar/Kredi/KrediDetaylari/1","200","True","2538,53","2538,6","0,07"
"2026-02-23T16:17:57.8903164+03:00","668,35","/Hesaplamalar/KidemTazminatiTfrs","200","True","2538,6","2538,77","0,17"
"2026-02-23T16:17:59.2891911+03:00","669,74","/DenetimKanitlari","200","True","2538,77","2538,78","0,01"
"2026-02-23T16:18:00.6355107+03:00","671,09","/DenetimKanitlari/MaddiDogrulamaProsedurleri","200","True","2538,78","2538,78","0"
"2026-02-23T16:18:01.9434400+03:00","672,4","/Kys/MusteriIliskisi/MusteriBirakmaFormu","200","True","2538,78","2538,78","0"
"2026-02-23T16:18:03.2934551+03:00","673,75","/Anasayfa","200","True","2538,78","2521,33","-17,45"
"2026-02-23T16:18:04.6106460+03:00","675,07","/Veri","200","True","2521,33","2521,34","0,01"
"2026-02-23T16:18:05.9596085+03:00","676,41","/Veri/Fatura","200","True","2521,34","2521,49","0,15"
"2026-02-23T16:18:07.2637144+03:00","677,72","/Veri/Mizanlar/VukMizan","200","True","2521,49","2521,99","0,5"
"2026-02-23T16:18:08.5921907+03:00","679,05","/Hesaplamalar","200","True","2521,99","2521,99","0"
"2026-02-23T16:18:09.9106078+03:00","680,37","/Hesaplamalar/Kredi","200","True","2521,99","2521,99","0"
"2026-02-23T16:18:11.2429541+03:00","681,7","/Hesaplamalar/Kredi/KrediDetaylari/1","200","True","2521,99","2521,99","0"
"2026-02-23T16:18:12.5586116+03:00","683,01","/Hesaplamalar/KidemTazminatiTfrs","200","True","2521,99","2522,16","0,17"
"2026-02-23T16:18:13.8903137+03:00","684,35","/DenetimKanitlari","200","True","2522,16","2523,09","0,93"
"2026-02-23T16:18:15.2444116+03:00","685,7","/DenetimKanitlari/MaddiDogrulamaProsedurleri","200","True","2523,09","2523,09","0"
"2026-02-23T16:18:16.6289688+03:00","687,08","/Kys/MusteriIliskisi/MusteriBirakmaFormu","200","True","2523,09","2523,09","0"
"2026-02-23T16:18:17.9401482+03:00","688,4","/Anasayfa","200","True","2523,09","2523,09","0"
"2026-02-23T16:18:19.2516959+03:00","689,71","/Veri","200","True","2523,09","2523,1","0,01"
"2026-02-23T16:18:20.5776558+03:00","691,03","/Veri/Fatura","200","True","2523,1","2523,1","0"
"2026-02-23T16:18:21.8854440+03:00","692,34","/Veri/Mizanlar/VukMizan","200","True","2523,1","2523,1","0"
"2026-02-23T16:18:23.1980909+03:00","693,65","/Hesaplamalar","200","True","2523,1","2523,1","0"
"2026-02-23T16:18:24.5087387+03:00","694,96","/Hesaplamalar/Kredi","200","True","2523,1","2523,16","0,06"
"2026-02-23T16:18:25.8713124+03:00","696,33","/Hesaplamalar/Kredi/KrediDetaylari/1","200","True","2523,16","2525,2","2,04"
"2026-02-23T16:18:27.1880395+03:00","697,64","/Hesaplamalar/KidemTazminatiTfrs","200","True","2525,2","2525,38","0,18"
"2026-02-23T16:18:28.5569897+03:00","699,01","/DenetimKanitlari","200","True","2525,38","2525,38","0"
"2026-02-23T16:18:29.8818200+03:00","700,34","/DenetimKanitlari/MaddiDogrulamaProsedurleri","200","True","2525,38","2525,38","0"
"2026-02-23T16:18:31.2881244+03:00","701,74","/Kys/MusteriIliskisi/MusteriBirakmaFormu","200","True","2525,38","2525,38","0"
"2026-02-23T16:18:32.6239820+03:00","703,08","/Anasayfa","200","True","2525,38","2525,38","0"
"2026-02-23T16:18:33.9953760+03:00","704,45","/Veri","200","True","2525,38","2525,38","0"
"2026-02-23T16:18:35.3367038+03:00","705,79","/Veri/Fatura","200","True","2525,38","2525,38","0"
"2026-02-23T16:18:36.6442550+03:00","707,1","/Veri/Mizanlar/VukMizan","200","True","2525,38","2525,38","0"
"2026-02-23T16:18:37.9478736+03:00","708,4","/Hesaplamalar","200","True","2525,38","2525,38","0"
"2026-02-23T16:18:39.2582640+03:00","709,71","/Hesaplamalar/Kredi","200","True","2525,38","2525,38","0"
"2026-02-23T16:18:40.6358311+03:00","711,09","/Hesaplamalar/Kredi/KrediDetaylari/1","200","True","2525,38","2525,38","0"
"2026-02-23T16:18:41.9459494+03:00","712,4","/Hesaplamalar/KidemTazminatiTfrs","200","True","2525,38","2525,61","0,23"
"2026-02-23T16:18:43.2449178+03:00","713,7","/DenetimKanitlari","200","True","2525,61","2525,61","0"
"2026-02-23T16:18:44.5528673+03:00","715,01","/DenetimKanitlari/MaddiDogrulamaProsedurleri","200","True","2525,61","2525,71","0,1"
"2026-02-23T16:18:45.8500979+03:00","716,31","/Kys/MusteriIliskisi/MusteriBirakmaFormu","200","True","2525,71","2525,71","0"
"2026-02-23T16:18:47.1564476+03:00","717,61","/Anasayfa","200","True","2525,71","2525,71","0"
"2026-02-23T16:18:48.4766698+03:00","718,93","/Veri","200","True","2525,71","2529,33","3,62"
"2026-02-23T16:18:49.7841132+03:00","720,24","/Veri/Fatura","200","True","2529,33","2529,33","0"
"2026-02-23T16:18:51.0879027+03:00","721,54","/Veri/Mizanlar/VukMizan","200","True","2529,33","2529,33","0"
"2026-02-23T16:18:52.3900430+03:00","722,85","/Hesaplamalar","200","True","2529,33","2529,33","0"
"2026-02-23T16:18:53.6980105+03:00","724,15","/Hesaplamalar/Kredi","200","True","2529,33","2529,33","0"
"2026-02-23T16:18:55.1065396+03:00","725,56","/Hesaplamalar/Kredi/KrediDetaylari/1","200","True","2529,33","2529,33","0"
"2026-02-23T16:18:56.4354079+03:00","726,89","/Hesaplamalar/KidemTazminatiTfrs","200","True","2529,33","2529,57","0,24"
"2026-02-23T16:18:57.7859773+03:00","728,24","/DenetimKanitlari","200","True","2529,57","2529,57","0"
"2026-02-23T16:18:59.1053875+03:00","729,56","/DenetimKanitlari/MaddiDogrulamaProsedurleri","200","True","2529,57","2529,57","0"
"2026-02-23T16:19:00.3986425+03:00","730,85","/Kys/MusteriIliskisi/MusteriBirakmaFormu","200","True","2529,57","2529,57","0"
"2026-02-23T16:19:01.7099369+03:00","732,17","/Anasayfa","200","True","2529,57","2529,57","0"
"2026-02-23T16:19:03.0374788+03:00","733,49","/Veri","200","True","2529,57","2529,63","0,06"
"2026-02-23T16:19:04.3571601+03:00","734,81","/Veri/Fatura","200","True","2529,63","2529,63","0"
"2026-02-23T16:19:05.7152287+03:00","736,17","/Veri/Mizanlar/VukMizan","200","True","2529,63","2529,63","0"
"2026-02-23T16:19:07.0280329+03:00","737,48","/Hesaplamalar","200","True","2529,63","2529,63","0"
"2026-02-23T16:19:08.3223294+03:00","738,78","/Hesaplamalar/Kredi","200","True","2529,63","2529,63","0"
"2026-02-23T16:19:09.6739458+03:00","740,13","/Hesaplamalar/Kredi/KrediDetaylari/1","200","True","2529,63","2529,69","0,06"
"2026-02-23T16:19:10.9927451+03:00","741,45","/Hesaplamalar/KidemTazminatiTfrs","200","True","2529,69","2529,86","0,17"
"2026-02-23T16:19:12.3143532+03:00","742,77","/DenetimKanitlari","200","True","2529,86","2529,86","0"
"2026-02-23T16:19:13.6091073+03:00","744,06","/DenetimKanitlari/MaddiDogrulamaProsedurleri","200","True","2529,86","2529,86","0"
"2026-02-23T16:19:14.9316189+03:00","745,39","/Kys/MusteriIliskisi/MusteriBirakmaFormu","200","True","2529,86","2533,14","3,28"
"2026-02-23T16:19:16.2374287+03:00","746,69","/Anasayfa","200","True","2533,14","2533,21","0,07"
"2026-02-23T16:19:17.5443936+03:00","748","/Veri","200","True","2533,21","2533,21","0"
"2026-02-23T16:19:18.8864580+03:00","749,34","/Veri/Fatura","200","True","2533,21","2533,21","0"
"2026-02-23T16:19:20.1948801+03:00","750,65","/Veri/Mizanlar/VukMizan","200","True","2533,21","2533,21","0"
"2026-02-23T16:19:21.5061199+03:00","751,96","/Hesaplamalar","200","True","2533,21","2533,21","0"
"2026-02-23T16:19:22.8176041+03:00","753,27","/Hesaplamalar/Kredi","200","True","2533,21","2533,21","0"
"2026-02-23T16:19:24.1712953+03:00","754,63","/Hesaplamalar/Kredi/KrediDetaylari/1","200","True","2533,21","2533,27","0,06"
"2026-02-23T16:19:25.4777249+03:00","755,93","/Hesaplamalar/KidemTazminatiTfrs","200","True","2533,27","2533,44","0,17"
"2026-02-23T16:19:26.8071650+03:00","757,26","/DenetimKanitlari","200","True","2533,44","2533,44","0"
"2026-02-23T16:19:28.1318052+03:00","758,59","/DenetimKanitlari/MaddiDogrulamaProsedurleri","200","True","2533,44","2533,44","0"
"2026-02-23T16:19:29.4328705+03:00","759,89","/Kys/MusteriIliskisi/MusteriBirakmaFormu","200","True","2533,44","2533,44","0"
"2026-02-23T16:19:30.7637147+03:00","761,22","/Anasayfa","200","True","2533,44","2533,5","0,06"
"2026-02-23T16:19:32.0902325+03:00","762,55","/Veri","200","True","2533,5","2533,5","0"
"2026-02-23T16:19:33.4019137+03:00","763,86","/Veri/Fatura","200","True","2533,5","2533,5","0"
"2026-02-23T16:19:34.7354451+03:00","765,19","/Veri/Mizanlar/VukMizan","200","True","2533,5","2540,56","7,06"
"2026-02-23T16:19:36.0965982+03:00","766,55","/Hesaplamalar","200","True","2540,56","2540,57","0,01"
"2026-02-23T16:19:37.4731585+03:00","767,93","/Hesaplamalar/Kredi","200","True","2540,57","2540,63","0,06"
"2026-02-23T16:19:38.8708368+03:00","769,33","/Hesaplamalar/Kredi/KrediDetaylari/1","200","True","2540,63","2540,63","0"
"2026-02-23T16:19:40.2315949+03:00","770,69","/Hesaplamalar/KidemTazminatiTfrs","200","True","2540,63","2540,8","0,17"
"2026-02-23T16:19:41.5456521+03:00","772","/DenetimKanitlari","200","True","2540,8","2540,8","0"
"2026-02-23T16:19:42.8649101+03:00","773,32","/DenetimKanitlari/MaddiDogrulamaProsedurleri","200","True","2540,8","2540,8","0"
"2026-02-23T16:19:44.2110950+03:00","774,67","/Kys/MusteriIliskisi/MusteriBirakmaFormu","200","True","2540,8","2540,86","0,06"
"2026-02-23T16:19:45.5556226+03:00","776,01","/Anasayfa","200","True","2540,86","2541,07","0,21"
"2026-02-23T16:19:46.8565002+03:00","777,31","/Veri","200","True","2541,07","2541,01","-0,06"
"2026-02-23T16:19:48.1910479+03:00","778,65","/Veri/Fatura","200","True","2541,01","2541,07","0,06"
"2026-02-23T16:19:49.6146108+03:00","780,07","/Veri/Mizanlar/VukMizan","200","True","2541,07","2541,07","0"
"2026-02-23T16:19:50.9122998+03:00","781,37","/Hesaplamalar","200","True","2541,07","2541,07","0"
"2026-02-23T16:19:52.2690203+03:00","782,72","/Hesaplamalar/Kredi","200","True","2541,07","2541,14","0,07"
"2026-02-23T16:19:53.6069554+03:00","784,06","/Hesaplamalar/Kredi/KrediDetaylari/1","200","True","2541,14","2541,12","-0,02"
"2026-02-23T16:19:54.9231342+03:00","785,38","/Hesaplamalar/KidemTazminatiTfrs","200","True","2541,12","2541,27","0,15"
"2026-02-23T16:19:56.2436241+03:00","786,7","/DenetimKanitlari","200","True","2541,27","2541,27","0"
"2026-02-23T16:19:57.5654983+03:00","788,02","/DenetimKanitlari/MaddiDogrulamaProsedurleri","200","True","2541,27","2541,27","0"
"2026-02-23T16:19:58.8627252+03:00","789,32","/Kys/MusteriIliskisi/MusteriBirakmaFormu","200","True","2541,27","2541,34","0,07"
"2026-02-23T16:20:00.1662464+03:00","790,62","/Anasayfa","200","True","2541,34","2541,34","0"
"2026-02-23T16:20:01.4922183+03:00","791,95","/Veri","200","True","2541,34","2541,34","0"
"2026-02-23T16:20:02.8673865+03:00","793,32","/Veri/Fatura","200","True","2541,34","2541,34","0"
"2026-02-23T16:20:04.1673143+03:00","794,62","/Veri/Mizanlar/VukMizan","200","True","2541,34","2541,34","0"
"2026-02-23T16:20:05.4849067+03:00","795,94","/Hesaplamalar","200","True","2541,34","2541,44","0,1"
"2026-02-23T16:20:06.8151613+03:00","797,27","/Hesaplamalar/Kredi","200","True","2541,44","2541,44","0"
"2026-02-23T16:20:08.2418482+03:00","798,7","/Hesaplamalar/Kredi/KrediDetaylari/1","200","True","2541,44","2541,44","0"
"2026-02-23T16:20:09.6240914+03:00","800,08","/Hesaplamalar/KidemTazminatiTfrs","200","True","2541,44","2541,61","0,17"
"2026-02-23T16:20:10.9418072+03:00","801,4","/DenetimKanitlari","200","True","2541,61","2541,61","0"
"2026-02-23T16:20:12.2514747+03:00","802,71","/DenetimKanitlari/MaddiDogrulamaProsedurleri","200","True","2541,61","2541,67","0,06"
"2026-02-23T16:20:13.5726522+03:00","804,03","/Kys/MusteriIliskisi/MusteriBirakmaFormu","200","True","2541,67","2541,67","0"
"2026-02-23T16:20:14.8835704+03:00","805,34","/Anasayfa","200","True","2541,67","2541,67","0"
"2026-02-23T16:20:16.1954629+03:00","806,65","/Veri","200","True","2541,67","2541,67","0"
"2026-02-23T16:20:17.5000943+03:00","807,96","/Veri/Fatura","200","True","2541,67","2541,67","0"
"2026-02-23T16:20:18.8223330+03:00","809,28","/Veri/Mizanlar/VukMizan","200","True","2541,67","2541,67","0"
"2026-02-23T16:20:20.1293693+03:00","810,58","/Hesaplamalar","200","True","2541,67","2541,73","0,06"
"2026-02-23T16:20:21.4394861+03:00","811,89","/Hesaplamalar/Kredi","200","True","2541,73","2541,73","0"
"2026-02-23T16:20:22.8421636+03:00","813,3","/Hesaplamalar/Kredi/KrediDetaylari/1","200","True","2541,73","2541,73","0"
"2026-02-23T16:20:24.1474564+03:00","814,6","/Hesaplamalar/KidemTazminatiTfrs","200","True","2541,73","2541,9","0,17"
"2026-02-23T16:20:25.4415048+03:00","815,9","/DenetimKanitlari","200","True","2541,9","2541,9","0"
"2026-02-23T16:20:26.7583841+03:00","817,21","/DenetimKanitlari/MaddiDogrulamaProsedurleri","200","True","2541,9","2541,96","0,06"
"2026-02-23T16:20:28.0691005+03:00","818,52","/Kys/MusteriIliskisi/MusteriBirakmaFormu","200","True","2541,96","2541,96","0"
"2026-02-23T16:20:29.3720113+03:00","819,83","/Anasayfa","200","True","2541,96","2541,96","0"
"2026-02-23T16:20:30.7295205+03:00","821,19","/Veri","200","True","2541,96","2541,95","-0,01"
"2026-02-23T16:20:32.0419120+03:00","822,5","/Veri/Fatura","200","True","2541,95","2541,95","0"
"2026-02-23T16:20:33.3517719+03:00","823,81","/Veri/Mizanlar/VukMizan","200","True","2541,95","2541,98","0,03"
"2026-02-23T16:20:34.6848224+03:00","825,14","/Hesaplamalar","200","True","2541,98","2075,59","-466,39"
"2026-02-23T16:20:36.0625871+03:00","826,52","/Hesaplamalar/Kredi","200","True","2075,59","2075,59","0"
"2026-02-23T16:20:37.5047054+03:00","827,96","/Hesaplamalar/Kredi/KrediDetaylari/1","200","True","2075,59","2075,6","0,01"
"2026-02-23T16:20:38.8544230+03:00","829,31","/Hesaplamalar/KidemTazminatiTfrs","200","True","2075,6","2075,77","0,17"
"2026-02-23T16:20:40.2329231+03:00","830,69","/DenetimKanitlari","200","True","2075,77","2075,83","0,06"
"2026-02-23T16:20:41.5639997+03:00","832,02","/DenetimKanitlari/MaddiDogrulamaProsedurleri","200","True","2075,83","2075,83","0"
"2026-02-23T16:20:42.8695881+03:00","833,33","/Kys/MusteriIliskisi/MusteriBirakmaFormu","200","True","2075,83","2075,84","0,01"
"2026-02-23T16:20:44.2447704+03:00","834,7","/Anasayfa","200","True","2075,84","2075,84","0"
"2026-02-23T16:20:45.5506728+03:00","836,01","/Veri","200","True","2075,84","2075,84","0"
"2026-02-23T16:20:46.8524071+03:00","837,31","/Veri/Fatura","200","True","2075,84","2075,84","0"
"2026-02-23T16:20:48.1799178+03:00","838,64","/Veri/Mizanlar/VukMizan","200","True","2075,84","2075,9","0,06"
"2026-02-23T16:20:49.4963426+03:00","839,95","/Hesaplamalar","200","True","2075,9","2075,9","0"
"2026-02-23T16:20:50.7997025+03:00","841,26","/Hesaplamalar/Kredi","200","True","2075,9","2075,9","0"
"2026-02-23T16:20:52.1102405+03:00","842,57","/Hesaplamalar/Kredi/KrediDetaylari/1","200","True","2075,9","2075,9","0"
"2026-02-23T16:20:53.4323110+03:00","843,89","/Hesaplamalar/KidemTazminatiTfrs","200","True","2075,9","2076,07","0,17"
"2026-02-23T16:20:54.7528364+03:00","845,21","/DenetimKanitlari","200","True","2076,07","2076,14","0,07"
"2026-02-23T16:20:56.0791292+03:00","846,53","/DenetimKanitlari/MaddiDogrulamaProsedurleri","200","True","2076,14","2076,14","0"
"2026-02-23T16:20:57.4451620+03:00","847,9","/Kys/MusteriIliskisi/MusteriBirakmaFormu","200","True","2076,14","2076,14","0"
"2026-02-23T16:20:58.7917581+03:00","849,25","/Anasayfa","200","True","2076,14","2076,14","0"
"2026-02-23T16:21:00.0968136+03:00","850,55","/Veri","200","True","2076,14","2076,14","0"
"2026-02-23T16:21:01.4245865+03:00","851,88","/Veri/Fatura","200","True","2076,14","2076,2","0,06"
"2026-02-23T16:21:02.7548008+03:00","853,21","/Veri/Mizanlar/VukMizan","200","True","2076,2","2076,2","0"
"2026-02-23T16:21:04.0656680+03:00","854,52","/Hesaplamalar","200","True","2076,2","2076,2","0"
"2026-02-23T16:21:05.4117837+03:00","855,87","/Hesaplamalar/Kredi","200","True","2076,2","2076,2","0"
"2026-02-23T16:21:06.7668450+03:00","857,22","/Hesaplamalar/Kredi/KrediDetaylari/1","200","True","2076,2","2076,2","0"
"2026-02-23T16:21:08.0978265+03:00","858,55","/Hesaplamalar/KidemTazminatiTfrs","200","True","2076,2","2059,19","-17,01"
"2026-02-23T16:21:09.3973205+03:00","859,85","/DenetimKanitlari","200","True","2059,19","2059,19","0"
"2026-02-23T16:21:10.7201821+03:00","861,18","/DenetimKanitlari/MaddiDogrulamaProsedurleri","200","True","2059,19","2059,44","0,25"
"2026-02-23T16:21:12.0408697+03:00","862,5","/Kys/MusteriIliskisi/MusteriBirakmaFormu","200","True","2059,44","2059,44","0"
"2026-02-23T16:21:13.3362768+03:00","863,79","/Anasayfa","200","True","2059,44","2059,94","0,5"
"2026-02-23T16:21:14.6535418+03:00","865,11","/Veri","200","True","2059,94","2059,94","0"
"2026-02-23T16:21:15.9980095+03:00","866,45","/Veri/Fatura","200","True","2059,94","2059,94","0"
"2026-02-23T16:21:17.3266820+03:00","867,78","/Veri/Mizanlar/VukMizan","200","True","2059,94","2059,95","0,01"
"2026-02-23T16:21:18.6939812+03:00","869,15","/Hesaplamalar","200","True","2059,95","2060,89","0,94"
"2026-02-23T16:21:20.0517092+03:00","870,51","/Hesaplamalar/Kredi","200","True","2060,89","2060,89","0"
"2026-02-23T16:21:21.4435226+03:00","871,9","/Hesaplamalar/Kredi/KrediDetaylari/1","200","True","2060,89","2060,89","0"
"2026-02-23T16:21:22.8139664+03:00","873,27","/Hesaplamalar/KidemTazminatiTfrs","200","True","2060,89","2061,05","0,16"
"2026-02-23T16:21:24.1246168+03:00","874,58","/DenetimKanitlari","200","True","2061,05","2061,05","0"
"2026-02-23T16:21:25.4442915+03:00","875,9","/DenetimKanitlari/MaddiDogrulamaProsedurleri","200","True","2061,05","2061,05","0"
"2026-02-23T16:21:26.7608708+03:00","877,22","/Kys/MusteriIliskisi/MusteriBirakmaFormu","200","True","2061,05","2061,05","0"
"2026-02-23T16:21:28.0585451+03:00","878,51","/Anasayfa","200","True","2061,05","2061,07","0,02"
"2026-02-23T16:21:29.3986188+03:00","879,85","/Veri","200","True","2061,07","2061,08","0,01"
"2026-02-23T16:21:30.7054675+03:00","881,16","/Veri/Fatura","200","True","2061,08","2062,89","1,81"
"2026-02-23T16:21:32.0075700+03:00","882,46","/Veri/Mizanlar/VukMizan","200","True","2062,89","2062,89","0"
"2026-02-23T16:21:33.3255987+03:00","883,78","/Hesaplamalar","200","True","2062,89","2062,89","0"
"2026-02-23T16:21:34.7117257+03:00","885,17","/Hesaplamalar/Kredi","200","True","2062,89","2062,89","0"
"2026-02-23T16:21:36.1084843+03:00","886,56","/Hesaplamalar/Kredi/KrediDetaylari/1","200","True","2062,89","2062,89","0"
"2026-02-23T16:21:37.4928581+03:00","887,95","/Hesaplamalar/KidemTazminatiTfrs","200","True","2062,89","2063,06","0,17"
"2026-02-23T16:21:38.8941245+03:00","889,35","/DenetimKanitlari","200","True","2063,06","2063,06","0"
"2026-02-23T16:21:40.2056210+03:00","890,66","/DenetimKanitlari/MaddiDogrulamaProsedurleri","200","True","2063,06","2063,06","0"
"2026-02-23T16:21:41.5546259+03:00","892,01","/Kys/MusteriIliskisi/MusteriBirakmaFormu","200","True","2063,06","2063,06","0"
"2026-02-23T16:21:42.9410791+03:00","893,4","/Anasayfa","200","True","2063,06","2063,06","0"
"2026-02-23T16:21:44.2710744+03:00","894,73","/Veri","200","True","2063,06","2063,07","0,01"
"2026-02-23T16:21:45.5915040+03:00","896,05","/Veri/Fatura","200","True","2063,07","2063,07","0"
"2026-02-23T16:21:46.8929356+03:00","897,35","/Veri/Mizanlar/VukMizan","200","True","2063,07","2063,07","0"
"2026-02-23T16:21:48.2089373+03:00","898,66","/Hesaplamalar","200","True","2063,07","2063,13","0,06"
"2026-02-23T16:21:49.5584628+03:00","900,01","/Hesaplamalar/Kredi","200","True","2063,13","2063,13","0"
